"","names","fiber","iron","stone","timber"
"1","Anna, Archibald, Benedict, Corentin, Erador, Ezana, Hughette, Serenoa",4,4,4,4
"2","Anna, Archibald, Benedict, Corentin, Erador, Ezana, Lionel, Serenoa",4,4,4,4
"3","Anna, Archibald, Benedict, Corentin, Erador, Ezana, Piccoletta, Serenoa",4,4,4,4
"4","Anna, Archibald, Benedict, Corentin, Erador, Ezana, Rudolph, Serenoa",4,4,4,4
"5","Anna, Archibald, Benedict, Corentin, Erador, Hughette, Narve, Serenoa",4,4,4,4
"6","Anna, Archibald, Benedict, Corentin, Erador, Lionel, Narve, Serenoa",4,4,4,4
"7","Anna, Archibald, Benedict, Corentin, Erador, Narve, Piccoletta, Serenoa",4,4,4,4
"8","Anna, Archibald, Benedict, Corentin, Erador, Narve, Rudolph, Serenoa",4,4,4,4
"9","Anna, Archibald, Benedict, Corentin, Ezana, Hughette, Medina, Serenoa",4,4,4,4
"10","Anna, Archibald, Benedict, Corentin, Ezana, Lionel, Medina, Serenoa",4,4,4,4
"11","Anna, Archibald, Benedict, Corentin, Ezana, Medina, Piccoletta, Serenoa",4,4,4,4
"12","Anna, Archibald, Benedict, Corentin, Ezana, Medina, Rudolph, Serenoa",4,4,4,4
"13","Anna, Archibald, Benedict, Corentin, Hughette, Medina, Narve, Serenoa",4,4,4,4
"14","Anna, Archibald, Benedict, Corentin, Lionel, Medina, Narve, Serenoa",4,4,4,4
"15","Anna, Archibald, Benedict, Corentin, Medina, Narve, Piccoletta, Serenoa",4,4,4,4
"16","Anna, Archibald, Benedict, Corentin, Medina, Narve, Rudolph, Serenoa",4,4,4,4
"17","Anna, Archibald, Benedict, Erador, Ezana, Frederica, Hughette, Serenoa",4,4,4,4
"18","Anna, Archibald, Benedict, Erador, Ezana, Frederica, Lionel, Serenoa",4,4,4,4
"19","Anna, Archibald, Benedict, Erador, Ezana, Frederica, Piccoletta, Serenoa",4,4,4,4
"20","Anna, Archibald, Benedict, Erador, Ezana, Frederica, Rudolph, Serenoa",4,4,4,4
"21","Anna, Archibald, Benedict, Erador, Frederica, Hughette, Narve, Serenoa",4,4,4,4
"22","Anna, Archibald, Benedict, Erador, Frederica, Lionel, Narve, Serenoa",4,4,4,4
"23","Anna, Archibald, Benedict, Erador, Frederica, Narve, Piccoletta, Serenoa",4,4,4,4
"24","Anna, Archibald, Benedict, Erador, Frederica, Narve, Rudolph, Serenoa",4,4,4,4
"25","Anna, Archibald, Benedict, Ezana, Frederica, Hughette, Medina, Serenoa",4,4,4,4
"26","Anna, Archibald, Benedict, Ezana, Frederica, Lionel, Medina, Serenoa",4,4,4,4
"27","Anna, Archibald, Benedict, Ezana, Frederica, Medina, Piccoletta, Serenoa",4,4,4,4
"28","Anna, Archibald, Benedict, Ezana, Frederica, Medina, Rudolph, Serenoa",4,4,4,4
"29","Anna, Archibald, Benedict, Frederica, Hughette, Medina, Narve, Serenoa",4,4,4,4
"30","Anna, Archibald, Benedict, Frederica, Lionel, Medina, Narve, Serenoa",4,4,4,4
"31","Anna, Archibald, Benedict, Frederica, Medina, Narve, Piccoletta, Serenoa",4,4,4,4
"32","Anna, Archibald, Benedict, Frederica, Medina, Narve, Rudolph, Serenoa",4,4,4,4
"33","Anna, Archibald, Corentin, Erador, Ezana, Hughette, Narve, Serenoa",4,4,4,4
"34","Anna, Archibald, Corentin, Erador, Ezana, Lionel, Narve, Serenoa",4,4,4,4
"35","Anna, Archibald, Corentin, Erador, Ezana, Narve, Piccoletta, Serenoa",4,4,4,4
"36","Anna, Archibald, Corentin, Erador, Ezana, Narve, Rudolph, Serenoa",4,4,4,4
"37","Anna, Archibald, Corentin, Erador, Geela, Hossabara, Hughette, Serenoa",4,4,4,4
"38","Anna, Archibald, Corentin, Erador, Geela, Hossabara, Lionel, Serenoa",4,4,4,4
"39","Anna, Archibald, Corentin, Erador, Geela, Hossabara, Piccoletta, Serenoa",4,4,4,4
"40","Anna, Archibald, Corentin, Erador, Geela, Hossabara, Rudolph, Serenoa",4,4,4,4
"41","Anna, Archibald, Corentin, Erador, Hossabara, Hughette, Jens, Serenoa",4,4,4,4
"42","Anna, Archibald, Corentin, Erador, Hossabara, Jens, Lionel, Serenoa",4,4,4,4
"43","Anna, Archibald, Corentin, Erador, Hossabara, Jens, Piccoletta, Serenoa",4,4,4,4
"44","Anna, Archibald, Corentin, Erador, Hossabara, Jens, Rudolph, Serenoa",4,4,4,4
"45","Anna, Archibald, Corentin, Ezana, Hughette, Medina, Narve, Serenoa",4,4,4,4
"46","Anna, Archibald, Corentin, Ezana, Lionel, Medina, Narve, Serenoa",4,4,4,4
"47","Anna, Archibald, Corentin, Ezana, Medina, Narve, Piccoletta, Serenoa",4,4,4,4
"48","Anna, Archibald, Corentin, Ezana, Medina, Narve, Rudolph, Serenoa",4,4,4,4
"49","Anna, Archibald, Corentin, Geela, Hossabara, Hughette, Medina, Serenoa",4,4,4,4
"50","Anna, Archibald, Corentin, Geela, Hossabara, Lionel, Medina, Serenoa",4,4,4,4
"51","Anna, Archibald, Corentin, Geela, Hossabara, Medina, Piccoletta, Serenoa",4,4,4,4
"52","Anna, Archibald, Corentin, Geela, Hossabara, Medina, Rudolph, Serenoa",4,4,4,4
"53","Anna, Archibald, Corentin, Hossabara, Hughette, Jens, Medina, Serenoa",4,4,4,4
"54","Anna, Archibald, Corentin, Hossabara, Jens, Lionel, Medina, Serenoa",4,4,4,4
"55","Anna, Archibald, Corentin, Hossabara, Jens, Medina, Piccoletta, Serenoa",4,4,4,4
"56","Anna, Archibald, Corentin, Hossabara, Jens, Medina, Rudolph, Serenoa",4,4,4,4
"57","Anna, Archibald, Erador, Ezana, Frederica, Hughette, Narve, Serenoa",4,4,4,4
"58","Anna, Archibald, Erador, Ezana, Frederica, Lionel, Narve, Serenoa",4,4,4,4
"59","Anna, Archibald, Erador, Ezana, Frederica, Narve, Piccoletta, Serenoa",4,4,4,4
"60","Anna, Archibald, Erador, Ezana, Frederica, Narve, Rudolph, Serenoa",4,4,4,4
"61","Anna, Archibald, Erador, Frederica, Geela, Hossabara, Hughette, Serenoa",4,4,4,4
"62","Anna, Archibald, Erador, Frederica, Geela, Hossabara, Lionel, Serenoa",4,4,4,4
"63","Anna, Archibald, Erador, Frederica, Geela, Hossabara, Piccoletta, Serenoa",4,4,4,4
"64","Anna, Archibald, Erador, Frederica, Geela, Hossabara, Rudolph, Serenoa",4,4,4,4
"65","Anna, Archibald, Erador, Frederica, Hossabara, Hughette, Jens, Serenoa",4,4,4,4
"66","Anna, Archibald, Erador, Frederica, Hossabara, Jens, Lionel, Serenoa",4,4,4,4
"67","Anna, Archibald, Erador, Frederica, Hossabara, Jens, Piccoletta, Serenoa",4,4,4,4
"68","Anna, Archibald, Erador, Frederica, Hossabara, Jens, Rudolph, Serenoa",4,4,4,4
"69","Anna, Archibald, Erador, Geela, Hughette, Lionel, Piccoletta, Serenoa",4,4,4,4
"70","Anna, Archibald, Erador, Geela, Hughette, Lionel, Rudolph, Serenoa",4,4,4,4
"71","Anna, Archibald, Erador, Geela, Hughette, Piccoletta, Rudolph, Serenoa",4,4,4,4
"72","Anna, Archibald, Erador, Geela, Lionel, Piccoletta, Rudolph, Serenoa",4,4,4,4
"73","Anna, Archibald, Erador, Hughette, Jens, Lionel, Piccoletta, Serenoa",4,4,4,4
"74","Anna, Archibald, Erador, Hughette, Jens, Lionel, Rudolph, Serenoa",4,4,4,4
"75","Anna, Archibald, Erador, Hughette, Jens, Piccoletta, Rudolph, Serenoa",4,4,4,4
"76","Anna, Archibald, Erador, Jens, Lionel, Piccoletta, Rudolph, Serenoa",4,4,4,4
"77","Anna, Archibald, Ezana, Frederica, Hughette, Medina, Narve, Serenoa",4,4,4,4
"78","Anna, Archibald, Ezana, Frederica, Lionel, Medina, Narve, Serenoa",4,4,4,4
"79","Anna, Archibald, Ezana, Frederica, Medina, Narve, Piccoletta, Serenoa",4,4,4,4
"80","Anna, Archibald, Ezana, Frederica, Medina, Narve, Rudolph, Serenoa",4,4,4,4
"81","Anna, Archibald, Frederica, Geela, Hossabara, Hughette, Medina, Serenoa",4,4,4,4
"82","Anna, Archibald, Frederica, Geela, Hossabara, Lionel, Medina, Serenoa",4,4,4,4
"83","Anna, Archibald, Frederica, Geela, Hossabara, Medina, Piccoletta, Serenoa",4,4,4,4
"84","Anna, Archibald, Frederica, Geela, Hossabara, Medina, Rudolph, Serenoa",4,4,4,4
"85","Anna, Archibald, Frederica, Hossabara, Hughette, Jens, Medina, Serenoa",4,4,4,4
"86","Anna, Archibald, Frederica, Hossabara, Jens, Lionel, Medina, Serenoa",4,4,4,4
"87","Anna, Archibald, Frederica, Hossabara, Jens, Medina, Piccoletta, Serenoa",4,4,4,4
"88","Anna, Archibald, Frederica, Hossabara, Jens, Medina, Rudolph, Serenoa",4,4,4,4
"89","Anna, Archibald, Geela, Hughette, Lionel, Medina, Piccoletta, Serenoa",4,4,4,4
"90","Anna, Archibald, Geela, Hughette, Lionel, Medina, Rudolph, Serenoa",4,4,4,4
"91","Anna, Archibald, Geela, Hughette, Medina, Piccoletta, Rudolph, Serenoa",4,4,4,4
"92","Anna, Archibald, Geela, Lionel, Medina, Piccoletta, Rudolph, Serenoa",4,4,4,4
"93","Anna, Archibald, Hughette, Jens, Lionel, Medina, Piccoletta, Serenoa",4,4,4,4
"94","Anna, Archibald, Hughette, Jens, Lionel, Medina, Rudolph, Serenoa",4,4,4,4
"95","Anna, Archibald, Hughette, Jens, Medina, Piccoletta, Rudolph, Serenoa",4,4,4,4
"96","Anna, Archibald, Jens, Lionel, Medina, Piccoletta, Rudolph, Serenoa",4,4,4,4
"97","Anna, Benedict, Corentin, Erador, Ezana, Frederica, Hossabara, Serenoa",4,4,4,4
"98","Anna, Benedict, Corentin, Erador, Ezana, Hughette, Lionel, Serenoa",4,4,4,4
"99","Anna, Benedict, Corentin, Erador, Ezana, Hughette, Piccoletta, Serenoa",4,4,4,4
"100","Anna, Benedict, Corentin, Erador, Ezana, Hughette, Rudolph, Serenoa",4,4,4,4
"101","Anna, Benedict, Corentin, Erador, Ezana, Lionel, Piccoletta, Serenoa",4,4,4,4
"102","Anna, Benedict, Corentin, Erador, Ezana, Lionel, Rudolph, Serenoa",4,4,4,4
"103","Anna, Benedict, Corentin, Erador, Ezana, Piccoletta, Rudolph, Serenoa",4,4,4,4
"104","Anna, Benedict, Corentin, Erador, Frederica, Hossabara, Narve, Serenoa",4,4,4,4
"105","Anna, Benedict, Corentin, Erador, Hughette, Lionel, Narve, Serenoa",4,4,4,4
"106","Anna, Benedict, Corentin, Erador, Hughette, Narve, Piccoletta, Serenoa",4,4,4,4
"107","Anna, Benedict, Corentin, Erador, Hughette, Narve, Rudolph, Serenoa",4,4,4,4
"108","Anna, Benedict, Corentin, Erador, Lionel, Narve, Piccoletta, Serenoa",4,4,4,4
"109","Anna, Benedict, Corentin, Erador, Lionel, Narve, Rudolph, Serenoa",4,4,4,4
"110","Anna, Benedict, Corentin, Erador, Narve, Piccoletta, Rudolph, Serenoa",4,4,4,4
"111","Anna, Benedict, Corentin, Ezana, Frederica, Hossabara, Medina, Serenoa",4,4,4,4
"112","Anna, Benedict, Corentin, Ezana, Hughette, Lionel, Medina, Serenoa",4,4,4,4
"113","Anna, Benedict, Corentin, Ezana, Hughette, Medina, Piccoletta, Serenoa",4,4,4,4
"114","Anna, Benedict, Corentin, Ezana, Hughette, Medina, Rudolph, Serenoa",4,4,4,4
"115","Anna, Benedict, Corentin, Ezana, Lionel, Medina, Piccoletta, Serenoa",4,4,4,4
"116","Anna, Benedict, Corentin, Ezana, Lionel, Medina, Rudolph, Serenoa",4,4,4,4
"117","Anna, Benedict, Corentin, Ezana, Medina, Piccoletta, Rudolph, Serenoa",4,4,4,4
"118","Anna, Benedict, Corentin, Frederica, Hossabara, Medina, Narve, Serenoa",4,4,4,4
"119","Anna, Benedict, Corentin, Hughette, Lionel, Medina, Narve, Serenoa",4,4,4,4
"120","Anna, Benedict, Corentin, Hughette, Medina, Narve, Piccoletta, Serenoa",4,4,4,4
"121","Anna, Benedict, Corentin, Hughette, Medina, Narve, Rudolph, Serenoa",4,4,4,4
"122","Anna, Benedict, Corentin, Lionel, Medina, Narve, Piccoletta, Serenoa",4,4,4,4
"123","Anna, Benedict, Corentin, Lionel, Medina, Narve, Rudolph, Serenoa",4,4,4,4
"124","Anna, Benedict, Corentin, Medina, Narve, Piccoletta, Rudolph, Serenoa",4,4,4,4
"125","Anna, Benedict, Erador, Ezana, Frederica, Hughette, Lionel, Serenoa",4,4,4,4
"126","Anna, Benedict, Erador, Ezana, Frederica, Hughette, Piccoletta, Serenoa",4,4,4,4
"127","Anna, Benedict, Erador, Ezana, Frederica, Hughette, Rudolph, Serenoa",4,4,4,4
"128","Anna, Benedict, Erador, Ezana, Frederica, Lionel, Piccoletta, Serenoa",4,4,4,4
"129","Anna, Benedict, Erador, Ezana, Frederica, Lionel, Rudolph, Serenoa",4,4,4,4
"130","Anna, Benedict, Erador, Ezana, Frederica, Piccoletta, Rudolph, Serenoa",4,4,4,4
"131","Anna, Benedict, Erador, Frederica, Hughette, Lionel, Narve, Serenoa",4,4,4,4
"132","Anna, Benedict, Erador, Frederica, Hughette, Narve, Piccoletta, Serenoa",4,4,4,4
"133","Anna, Benedict, Erador, Frederica, Hughette, Narve, Rudolph, Serenoa",4,4,4,4
"134","Anna, Benedict, Erador, Frederica, Lionel, Narve, Piccoletta, Serenoa",4,4,4,4
"135","Anna, Benedict, Erador, Frederica, Lionel, Narve, Rudolph, Serenoa",4,4,4,4
"136","Anna, Benedict, Erador, Frederica, Narve, Piccoletta, Rudolph, Serenoa",4,4,4,4
"137","Anna, Benedict, Ezana, Frederica, Hughette, Lionel, Medina, Serenoa",4,4,4,4
"138","Anna, Benedict, Ezana, Frederica, Hughette, Medina, Piccoletta, Serenoa",4,4,4,4
"139","Anna, Benedict, Ezana, Frederica, Hughette, Medina, Rudolph, Serenoa",4,4,4,4
"140","Anna, Benedict, Ezana, Frederica, Lionel, Medina, Piccoletta, Serenoa",4,4,4,4
"141","Anna, Benedict, Ezana, Frederica, Lionel, Medina, Rudolph, Serenoa",4,4,4,4
"142","Anna, Benedict, Ezana, Frederica, Medina, Piccoletta, Rudolph, Serenoa",4,4,4,4
"143","Anna, Benedict, Frederica, Hughette, Lionel, Medina, Narve, Serenoa",4,4,4,4
"144","Anna, Benedict, Frederica, Hughette, Medina, Narve, Piccoletta, Serenoa",4,4,4,4
"145","Anna, Benedict, Frederica, Hughette, Medina, Narve, Rudolph, Serenoa",4,4,4,4
"146","Anna, Benedict, Frederica, Lionel, Medina, Narve, Piccoletta, Serenoa",4,4,4,4
"147","Anna, Benedict, Frederica, Lionel, Medina, Narve, Rudolph, Serenoa",4,4,4,4
"148","Anna, Benedict, Frederica, Medina, Narve, Piccoletta, Rudolph, Serenoa",4,4,4,4
"149","Anna, Corentin, Erador, Ezana, Frederica, Hossabara, Narve, Serenoa",4,4,4,4
"150","Anna, Corentin, Erador, Ezana, Hughette, Lionel, Narve, Serenoa",4,4,4,4
"151","Anna, Corentin, Erador, Ezana, Hughette, Narve, Piccoletta, Serenoa",4,4,4,4
"152","Anna, Corentin, Erador, Ezana, Hughette, Narve, Rudolph, Serenoa",4,4,4,4
"153","Anna, Corentin, Erador, Ezana, Lionel, Narve, Piccoletta, Serenoa",4,4,4,4
"154","Anna, Corentin, Erador, Ezana, Lionel, Narve, Rudolph, Serenoa",4,4,4,4
"155","Anna, Corentin, Erador, Ezana, Narve, Piccoletta, Rudolph, Serenoa",4,4,4,4
"156","Anna, Corentin, Erador, Geela, Hossabara, Hughette, Lionel, Serenoa",4,4,4,4
"157","Anna, Corentin, Erador, Geela, Hossabara, Hughette, Piccoletta, Serenoa",4,4,4,4
"158","Anna, Corentin, Erador, Geela, Hossabara, Hughette, Rudolph, Serenoa",4,4,4,4
"159","Anna, Corentin, Erador, Geela, Hossabara, Lionel, Piccoletta, Serenoa",4,4,4,4
"160","Anna, Corentin, Erador, Geela, Hossabara, Lionel, Rudolph, Serenoa",4,4,4,4
"161","Anna, Corentin, Erador, Geela, Hossabara, Piccoletta, Rudolph, Serenoa",4,4,4,4
"162","Anna, Corentin, Erador, Hossabara, Hughette, Jens, Lionel, Serenoa",4,4,4,4
"163","Anna, Corentin, Erador, Hossabara, Hughette, Jens, Piccoletta, Serenoa",4,4,4,4
"164","Anna, Corentin, Erador, Hossabara, Hughette, Jens, Rudolph, Serenoa",4,4,4,4
"165","Anna, Corentin, Erador, Hossabara, Jens, Lionel, Piccoletta, Serenoa",4,4,4,4
"166","Anna, Corentin, Erador, Hossabara, Jens, Lionel, Rudolph, Serenoa",4,4,4,4
"167","Anna, Corentin, Erador, Hossabara, Jens, Piccoletta, Rudolph, Serenoa",4,4,4,4
"168","Anna, Corentin, Ezana, Frederica, Hossabara, Medina, Narve, Serenoa",4,4,4,4
"169","Anna, Corentin, Ezana, Hughette, Lionel, Medina, Narve, Serenoa",4,4,4,4
"170","Anna, Corentin, Ezana, Hughette, Medina, Narve, Piccoletta, Serenoa",4,4,4,4
"171","Anna, Corentin, Ezana, Hughette, Medina, Narve, Rudolph, Serenoa",4,4,4,4
"172","Anna, Corentin, Ezana, Lionel, Medina, Narve, Piccoletta, Serenoa",4,4,4,4
"173","Anna, Corentin, Ezana, Lionel, Medina, Narve, Rudolph, Serenoa",4,4,4,4
"174","Anna, Corentin, Ezana, Medina, Narve, Piccoletta, Rudolph, Serenoa",4,4,4,4
"175","Anna, Corentin, Geela, Hossabara, Hughette, Lionel, Medina, Serenoa",4,4,4,4
"176","Anna, Corentin, Geela, Hossabara, Hughette, Medina, Piccoletta, Serenoa",4,4,4,4
"177","Anna, Corentin, Geela, Hossabara, Hughette, Medina, Rudolph, Serenoa",4,4,4,4
"178","Anna, Corentin, Geela, Hossabara, Lionel, Medina, Piccoletta, Serenoa",4,4,4,4
"179","Anna, Corentin, Geela, Hossabara, Lionel, Medina, Rudolph, Serenoa",4,4,4,4
"180","Anna, Corentin, Geela, Hossabara, Medina, Piccoletta, Rudolph, Serenoa",4,4,4,4
"181","Anna, Corentin, Hossabara, Hughette, Jens, Lionel, Medina, Serenoa",4,4,4,4
"182","Anna, Corentin, Hossabara, Hughette, Jens, Medina, Piccoletta, Serenoa",4,4,4,4
"183","Anna, Corentin, Hossabara, Hughette, Jens, Medina, Rudolph, Serenoa",4,4,4,4
"184","Anna, Corentin, Hossabara, Jens, Lionel, Medina, Piccoletta, Serenoa",4,4,4,4
"185","Anna, Corentin, Hossabara, Jens, Lionel, Medina, Rudolph, Serenoa",4,4,4,4
"186","Anna, Corentin, Hossabara, Jens, Medina, Piccoletta, Rudolph, Serenoa",4,4,4,4
"187","Anna, Erador, Ezana, Frederica, Hughette, Lionel, Narve, Serenoa",4,4,4,4
"188","Anna, Erador, Ezana, Frederica, Hughette, Narve, Piccoletta, Serenoa",4,4,4,4
"189","Anna, Erador, Ezana, Frederica, Hughette, Narve, Rudolph, Serenoa",4,4,4,4
"190","Anna, Erador, Ezana, Frederica, Lionel, Narve, Piccoletta, Serenoa",4,4,4,4
"191","Anna, Erador, Ezana, Frederica, Lionel, Narve, Rudolph, Serenoa",4,4,4,4
"192","Anna, Erador, Ezana, Frederica, Narve, Piccoletta, Rudolph, Serenoa",4,4,4,4
"193","Anna, Erador, Frederica, Geela, Hossabara, Hughette, Lionel, Serenoa",4,4,4,4
"194","Anna, Erador, Frederica, Geela, Hossabara, Hughette, Piccoletta, Serenoa",4,4,4,4
"195","Anna, Erador, Frederica, Geela, Hossabara, Hughette, Rudolph, Serenoa",4,4,4,4
"196","Anna, Erador, Frederica, Geela, Hossabara, Lionel, Piccoletta, Serenoa",4,4,4,4
"197","Anna, Erador, Frederica, Geela, Hossabara, Lionel, Rudolph, Serenoa",4,4,4,4
"198","Anna, Erador, Frederica, Geela, Hossabara, Piccoletta, Rudolph, Serenoa",4,4,4,4
"199","Anna, Erador, Frederica, Hossabara, Hughette, Jens, Lionel, Serenoa",4,4,4,4
"200","Anna, Erador, Frederica, Hossabara, Hughette, Jens, Piccoletta, Serenoa",4,4,4,4
"201","Anna, Erador, Frederica, Hossabara, Hughette, Jens, Rudolph, Serenoa",4,4,4,4
"202","Anna, Erador, Frederica, Hossabara, Jens, Lionel, Piccoletta, Serenoa",4,4,4,4
"203","Anna, Erador, Frederica, Hossabara, Jens, Lionel, Rudolph, Serenoa",4,4,4,4
"204","Anna, Erador, Frederica, Hossabara, Jens, Piccoletta, Rudolph, Serenoa",4,4,4,4
"205","Anna, Erador, Geela, Hughette, Lionel, Piccoletta, Rudolph, Serenoa",4,4,4,4
"206","Anna, Erador, Hughette, Jens, Lionel, Piccoletta, Rudolph, Serenoa",4,4,4,4
"207","Anna, Ezana, Frederica, Hughette, Lionel, Medina, Narve, Serenoa",4,4,4,4
"208","Anna, Ezana, Frederica, Hughette, Medina, Narve, Piccoletta, Serenoa",4,4,4,4
"209","Anna, Ezana, Frederica, Hughette, Medina, Narve, Rudolph, Serenoa",4,4,4,4
"210","Anna, Ezana, Frederica, Lionel, Medina, Narve, Piccoletta, Serenoa",4,4,4,4
"211","Anna, Ezana, Frederica, Lionel, Medina, Narve, Rudolph, Serenoa",4,4,4,4
"212","Anna, Ezana, Frederica, Medina, Narve, Piccoletta, Rudolph, Serenoa",4,4,4,4
"213","Anna, Frederica, Geela, Hossabara, Hughette, Lionel, Medina, Serenoa",4,4,4,4
"214","Anna, Frederica, Geela, Hossabara, Hughette, Medina, Piccoletta, Serenoa",4,4,4,4
"215","Anna, Frederica, Geela, Hossabara, Hughette, Medina, Rudolph, Serenoa",4,4,4,4
"216","Anna, Frederica, Geela, Hossabara, Lionel, Medina, Piccoletta, Serenoa",4,4,4,4
"217","Anna, Frederica, Geela, Hossabara, Lionel, Medina, Rudolph, Serenoa",4,4,4,4
"218","Anna, Frederica, Geela, Hossabara, Medina, Piccoletta, Rudolph, Serenoa",4,4,4,4
"219","Anna, Frederica, Hossabara, Hughette, Jens, Lionel, Medina, Serenoa",4,4,4,4
"220","Anna, Frederica, Hossabara, Hughette, Jens, Medina, Piccoletta, Serenoa",4,4,4,4
"221","Anna, Frederica, Hossabara, Hughette, Jens, Medina, Rudolph, Serenoa",4,4,4,4
"222","Anna, Frederica, Hossabara, Jens, Lionel, Medina, Piccoletta, Serenoa",4,4,4,4
"223","Anna, Frederica, Hossabara, Jens, Lionel, Medina, Rudolph, Serenoa",4,4,4,4
"224","Anna, Frederica, Hossabara, Jens, Medina, Piccoletta, Rudolph, Serenoa",4,4,4,4
"225","Anna, Geela, Hughette, Lionel, Medina, Piccoletta, Rudolph, Serenoa",4,4,4,4
"226","Anna, Hughette, Jens, Lionel, Medina, Piccoletta, Rudolph, Serenoa",4,4,4,4
"227","Archibald, Benedict, Corentin, Erador, Ezana, Hughette, Medina, Serenoa",4,4,4,4
"228","Archibald, Benedict, Corentin, Erador, Ezana, Lionel, Medina, Serenoa",4,4,4,4
"229","Archibald, Benedict, Corentin, Erador, Ezana, Medina, Piccoletta, Serenoa",4,4,4,4
"230","Archibald, Benedict, Corentin, Erador, Ezana, Medina, Rudolph, Serenoa",4,4,4,4
"231","Archibald, Benedict, Corentin, Erador, Hughette, Medina, Narve, Serenoa",4,4,4,4
"232","Archibald, Benedict, Corentin, Erador, Lionel, Medina, Narve, Serenoa",4,4,4,4
"233","Archibald, Benedict, Corentin, Erador, Medina, Narve, Piccoletta, Serenoa",4,4,4,4
"234","Archibald, Benedict, Corentin, Erador, Medina, Narve, Rudolph, Serenoa",4,4,4,4
"235","Archibald, Benedict, Corentin, Ezana, Geela, Hughette, Julio, Serenoa",4,4,4,4
"236","Archibald, Benedict, Corentin, Ezana, Geela, Hughette, Roland, Serenoa",4,4,4,4
"237","Archibald, Benedict, Corentin, Ezana, Geela, Julio, Lionel, Serenoa",4,4,4,4
"238","Archibald, Benedict, Corentin, Ezana, Geela, Julio, Piccoletta, Serenoa",4,4,4,4
"239","Archibald, Benedict, Corentin, Ezana, Geela, Julio, Rudolph, Serenoa",4,4,4,4
"240","Archibald, Benedict, Corentin, Ezana, Geela, Lionel, Roland, Serenoa",4,4,4,4
"241","Archibald, Benedict, Corentin, Ezana, Geela, Piccoletta, Roland, Serenoa",4,4,4,4
"242","Archibald, Benedict, Corentin, Ezana, Geela, Roland, Rudolph, Serenoa",4,4,4,4
"243","Archibald, Benedict, Corentin, Ezana, Hughette, Jens, Julio, Serenoa",4,4,4,4
"244","Archibald, Benedict, Corentin, Ezana, Hughette, Jens, Roland, Serenoa",4,4,4,4
"245","Archibald, Benedict, Corentin, Ezana, Jens, Julio, Lionel, Serenoa",4,4,4,4
"246","Archibald, Benedict, Corentin, Ezana, Jens, Julio, Piccoletta, Serenoa",4,4,4,4
"247","Archibald, Benedict, Corentin, Ezana, Jens, Julio, Rudolph, Serenoa",4,4,4,4
"248","Archibald, Benedict, Corentin, Ezana, Jens, Lionel, Roland, Serenoa",4,4,4,4
"249","Archibald, Benedict, Corentin, Ezana, Jens, Piccoletta, Roland, Serenoa",4,4,4,4
"250","Archibald, Benedict, Corentin, Ezana, Jens, Roland, Rudolph, Serenoa",4,4,4,4
"251","Archibald, Benedict, Corentin, Geela, Hughette, Julio, Narve, Serenoa",4,4,4,4
"252","Archibald, Benedict, Corentin, Geela, Hughette, Narve, Roland, Serenoa",4,4,4,4
"253","Archibald, Benedict, Corentin, Geela, Julio, Lionel, Narve, Serenoa",4,4,4,4
"254","Archibald, Benedict, Corentin, Geela, Julio, Narve, Piccoletta, Serenoa",4,4,4,4
"255","Archibald, Benedict, Corentin, Geela, Julio, Narve, Rudolph, Serenoa",4,4,4,4
"256","Archibald, Benedict, Corentin, Geela, Lionel, Narve, Roland, Serenoa",4,4,4,4
"257","Archibald, Benedict, Corentin, Geela, Narve, Piccoletta, Roland, Serenoa",4,4,4,4
"258","Archibald, Benedict, Corentin, Geela, Narve, Roland, Rudolph, Serenoa",4,4,4,4
"259","Archibald, Benedict, Corentin, Hughette, Jens, Julio, Narve, Serenoa",4,4,4,4
"260","Archibald, Benedict, Corentin, Hughette, Jens, Narve, Roland, Serenoa",4,4,4,4
"261","Archibald, Benedict, Corentin, Jens, Julio, Lionel, Narve, Serenoa",4,4,4,4
"262","Archibald, Benedict, Corentin, Jens, Julio, Narve, Piccoletta, Serenoa",4,4,4,4
"263","Archibald, Benedict, Corentin, Jens, Julio, Narve, Rudolph, Serenoa",4,4,4,4
"264","Archibald, Benedict, Corentin, Jens, Lionel, Narve, Roland, Serenoa",4,4,4,4
"265","Archibald, Benedict, Corentin, Jens, Narve, Piccoletta, Roland, Serenoa",4,4,4,4
"266","Archibald, Benedict, Corentin, Jens, Narve, Roland, Rudolph, Serenoa",4,4,4,4
"267","Archibald, Benedict, Erador, Ezana, Frederica, Hughette, Medina, Serenoa",4,4,4,4
"268","Archibald, Benedict, Erador, Ezana, Frederica, Lionel, Medina, Serenoa",4,4,4,4
"269","Archibald, Benedict, Erador, Ezana, Frederica, Medina, Piccoletta, Serenoa",4,4,4,4
"270","Archibald, Benedict, Erador, Ezana, Frederica, Medina, Rudolph, Serenoa",4,4,4,4
"271","Archibald, Benedict, Erador, Frederica, Hughette, Medina, Narve, Serenoa",4,4,4,4
"272","Archibald, Benedict, Erador, Frederica, Lionel, Medina, Narve, Serenoa",4,4,4,4
"273","Archibald, Benedict, Erador, Frederica, Medina, Narve, Piccoletta, Serenoa",4,4,4,4
"274","Archibald, Benedict, Erador, Frederica, Medina, Narve, Rudolph, Serenoa",4,4,4,4
"275","Archibald, Benedict, Ezana, Frederica, Geela, Hughette, Julio, Serenoa",4,4,4,4
"276","Archibald, Benedict, Ezana, Frederica, Geela, Hughette, Roland, Serenoa",4,4,4,4
"277","Archibald, Benedict, Ezana, Frederica, Geela, Julio, Lionel, Serenoa",4,4,4,4
"278","Archibald, Benedict, Ezana, Frederica, Geela, Julio, Piccoletta, Serenoa",4,4,4,4
"279","Archibald, Benedict, Ezana, Frederica, Geela, Julio, Rudolph, Serenoa",4,4,4,4
"280","Archibald, Benedict, Ezana, Frederica, Geela, Lionel, Roland, Serenoa",4,4,4,4
"281","Archibald, Benedict, Ezana, Frederica, Geela, Piccoletta, Roland, Serenoa",4,4,4,4
"282","Archibald, Benedict, Ezana, Frederica, Geela, Roland, Rudolph, Serenoa",4,4,4,4
"283","Archibald, Benedict, Ezana, Frederica, Hughette, Jens, Julio, Serenoa",4,4,4,4
"284","Archibald, Benedict, Ezana, Frederica, Hughette, Jens, Roland, Serenoa",4,4,4,4
"285","Archibald, Benedict, Ezana, Frederica, Jens, Julio, Lionel, Serenoa",4,4,4,4
"286","Archibald, Benedict, Ezana, Frederica, Jens, Julio, Piccoletta, Serenoa",4,4,4,4
"287","Archibald, Benedict, Ezana, Frederica, Jens, Julio, Rudolph, Serenoa",4,4,4,4
"288","Archibald, Benedict, Ezana, Frederica, Jens, Lionel, Roland, Serenoa",4,4,4,4
"289","Archibald, Benedict, Ezana, Frederica, Jens, Piccoletta, Roland, Serenoa",4,4,4,4
"290","Archibald, Benedict, Ezana, Frederica, Jens, Roland, Rudolph, Serenoa",4,4,4,4
"291","Archibald, Benedict, Frederica, Geela, Hughette, Julio, Narve, Serenoa",4,4,4,4
"292","Archibald, Benedict, Frederica, Geela, Hughette, Narve, Roland, Serenoa",4,4,4,4
"293","Archibald, Benedict, Frederica, Geela, Julio, Lionel, Narve, Serenoa",4,4,4,4
"294","Archibald, Benedict, Frederica, Geela, Julio, Narve, Piccoletta, Serenoa",4,4,4,4
"295","Archibald, Benedict, Frederica, Geela, Julio, Narve, Rudolph, Serenoa",4,4,4,4
"296","Archibald, Benedict, Frederica, Geela, Lionel, Narve, Roland, Serenoa",4,4,4,4
"297","Archibald, Benedict, Frederica, Geela, Narve, Piccoletta, Roland, Serenoa",4,4,4,4
"298","Archibald, Benedict, Frederica, Geela, Narve, Roland, Rudolph, Serenoa",4,4,4,4
"299","Archibald, Benedict, Frederica, Hughette, Jens, Julio, Narve, Serenoa",4,4,4,4
"300","Archibald, Benedict, Frederica, Hughette, Jens, Narve, Roland, Serenoa",4,4,4,4
"301","Archibald, Benedict, Frederica, Jens, Julio, Lionel, Narve, Serenoa",4,4,4,4
"302","Archibald, Benedict, Frederica, Jens, Julio, Narve, Piccoletta, Serenoa",4,4,4,4
"303","Archibald, Benedict, Frederica, Jens, Julio, Narve, Rudolph, Serenoa",4,4,4,4
"304","Archibald, Benedict, Frederica, Jens, Lionel, Narve, Roland, Serenoa",4,4,4,4
"305","Archibald, Benedict, Frederica, Jens, Narve, Piccoletta, Roland, Serenoa",4,4,4,4
"306","Archibald, Benedict, Frederica, Jens, Narve, Roland, Rudolph, Serenoa",4,4,4,4
"307","Archibald, Corentin, Erador, Ezana, Hughette, Medina, Narve, Serenoa",4,4,4,4
"308","Archibald, Corentin, Erador, Ezana, Lionel, Medina, Narve, Serenoa",4,4,4,4
"309","Archibald, Corentin, Erador, Ezana, Medina, Narve, Piccoletta, Serenoa",4,4,4,4
"310","Archibald, Corentin, Erador, Ezana, Medina, Narve, Rudolph, Serenoa",4,4,4,4
"311","Archibald, Corentin, Erador, Geela, Hossabara, Hughette, Medina, Serenoa",4,4,4,4
"312","Archibald, Corentin, Erador, Geela, Hossabara, Lionel, Medina, Serenoa",4,4,4,4
"313","Archibald, Corentin, Erador, Geela, Hossabara, Medina, Piccoletta, Serenoa",4,4,4,4
"314","Archibald, Corentin, Erador, Geela, Hossabara, Medina, Rudolph, Serenoa",4,4,4,4
"315","Archibald, Corentin, Erador, Hossabara, Hughette, Jens, Medina, Serenoa",4,4,4,4
"316","Archibald, Corentin, Erador, Hossabara, Jens, Lionel, Medina, Serenoa",4,4,4,4
"317","Archibald, Corentin, Erador, Hossabara, Jens, Medina, Piccoletta, Serenoa",4,4,4,4
"318","Archibald, Corentin, Erador, Hossabara, Jens, Medina, Rudolph, Serenoa",4,4,4,4
"319","Archibald, Corentin, Ezana, Geela, Hughette, Julio, Narve, Serenoa",4,4,4,4
"320","Archibald, Corentin, Ezana, Geela, Hughette, Narve, Roland, Serenoa",4,4,4,4
"321","Archibald, Corentin, Ezana, Geela, Julio, Lionel, Narve, Serenoa",4,4,4,4
"322","Archibald, Corentin, Ezana, Geela, Julio, Narve, Piccoletta, Serenoa",4,4,4,4
"323","Archibald, Corentin, Ezana, Geela, Julio, Narve, Rudolph, Serenoa",4,4,4,4
"324","Archibald, Corentin, Ezana, Geela, Lionel, Narve, Roland, Serenoa",4,4,4,4
"325","Archibald, Corentin, Ezana, Geela, Narve, Piccoletta, Roland, Serenoa",4,4,4,4
"326","Archibald, Corentin, Ezana, Geela, Narve, Roland, Rudolph, Serenoa",4,4,4,4
"327","Archibald, Corentin, Ezana, Hughette, Jens, Julio, Narve, Serenoa",4,4,4,4
"328","Archibald, Corentin, Ezana, Hughette, Jens, Narve, Roland, Serenoa",4,4,4,4
"329","Archibald, Corentin, Ezana, Jens, Julio, Lionel, Narve, Serenoa",4,4,4,4
"330","Archibald, Corentin, Ezana, Jens, Julio, Narve, Piccoletta, Serenoa",4,4,4,4
"331","Archibald, Corentin, Ezana, Jens, Julio, Narve, Rudolph, Serenoa",4,4,4,4
"332","Archibald, Corentin, Ezana, Jens, Lionel, Narve, Roland, Serenoa",4,4,4,4
"333","Archibald, Corentin, Ezana, Jens, Narve, Piccoletta, Roland, Serenoa",4,4,4,4
"334","Archibald, Corentin, Ezana, Jens, Narve, Roland, Rudolph, Serenoa",4,4,4,4
"335","Archibald, Corentin, Geela, Hossabara, Hughette, Jens, Julio, Serenoa",4,4,4,4
"336","Archibald, Corentin, Geela, Hossabara, Hughette, Jens, Roland, Serenoa",4,4,4,4
"337","Archibald, Corentin, Geela, Hossabara, Jens, Julio, Lionel, Serenoa",4,4,4,4
"338","Archibald, Corentin, Geela, Hossabara, Jens, Julio, Piccoletta, Serenoa",4,4,4,4
"339","Archibald, Corentin, Geela, Hossabara, Jens, Julio, Rudolph, Serenoa",4,4,4,4
"340","Archibald, Corentin, Geela, Hossabara, Jens, Lionel, Roland, Serenoa",4,4,4,4
"341","Archibald, Corentin, Geela, Hossabara, Jens, Piccoletta, Roland, Serenoa",4,4,4,4
"342","Archibald, Corentin, Geela, Hossabara, Jens, Roland, Rudolph, Serenoa",4,4,4,4
"343","Archibald, Erador, Ezana, Frederica, Hughette, Medina, Narve, Serenoa",4,4,4,4
"344","Archibald, Erador, Ezana, Frederica, Lionel, Medina, Narve, Serenoa",4,4,4,4
"345","Archibald, Erador, Ezana, Frederica, Medina, Narve, Piccoletta, Serenoa",4,4,4,4
"346","Archibald, Erador, Ezana, Frederica, Medina, Narve, Rudolph, Serenoa",4,4,4,4
"347","Archibald, Erador, Frederica, Geela, Hossabara, Hughette, Medina, Serenoa",4,4,4,4
"348","Archibald, Erador, Frederica, Geela, Hossabara, Lionel, Medina, Serenoa",4,4,4,4
"349","Archibald, Erador, Frederica, Geela, Hossabara, Medina, Piccoletta, Serenoa",4,4,4,4
"350","Archibald, Erador, Frederica, Geela, Hossabara, Medina, Rudolph, Serenoa",4,4,4,4
"351","Archibald, Erador, Frederica, Hossabara, Hughette, Jens, Medina, Serenoa",4,4,4,4
"352","Archibald, Erador, Frederica, Hossabara, Jens, Lionel, Medina, Serenoa",4,4,4,4
"353","Archibald, Erador, Frederica, Hossabara, Jens, Medina, Piccoletta, Serenoa",4,4,4,4
"354","Archibald, Erador, Frederica, Hossabara, Jens, Medina, Rudolph, Serenoa",4,4,4,4
"355","Archibald, Erador, Geela, Hughette, Lionel, Medina, Piccoletta, Serenoa",4,4,4,4
"356","Archibald, Erador, Geela, Hughette, Lionel, Medina, Rudolph, Serenoa",4,4,4,4
"357","Archibald, Erador, Geela, Hughette, Medina, Piccoletta, Rudolph, Serenoa",4,4,4,4
"358","Archibald, Erador, Geela, Lionel, Medina, Piccoletta, Rudolph, Serenoa",4,4,4,4
"359","Archibald, Erador, Hughette, Jens, Lionel, Medina, Piccoletta, Serenoa",4,4,4,4
"360","Archibald, Erador, Hughette, Jens, Lionel, Medina, Rudolph, Serenoa",4,4,4,4
"361","Archibald, Erador, Hughette, Jens, Medina, Piccoletta, Rudolph, Serenoa",4,4,4,4
"362","Archibald, Erador, Jens, Lionel, Medina, Piccoletta, Rudolph, Serenoa",4,4,4,4
"363","Archibald, Ezana, Frederica, Geela, Hughette, Julio, Narve, Serenoa",4,4,4,4
"364","Archibald, Ezana, Frederica, Geela, Hughette, Narve, Roland, Serenoa",4,4,4,4
"365","Archibald, Ezana, Frederica, Geela, Julio, Lionel, Narve, Serenoa",4,4,4,4
"366","Archibald, Ezana, Frederica, Geela, Julio, Narve, Piccoletta, Serenoa",4,4,4,4
"367","Archibald, Ezana, Frederica, Geela, Julio, Narve, Rudolph, Serenoa",4,4,4,4
"368","Archibald, Ezana, Frederica, Geela, Lionel, Narve, Roland, Serenoa",4,4,4,4
"369","Archibald, Ezana, Frederica, Geela, Narve, Piccoletta, Roland, Serenoa",4,4,4,4
"370","Archibald, Ezana, Frederica, Geela, Narve, Roland, Rudolph, Serenoa",4,4,4,4
"371","Archibald, Ezana, Frederica, Hughette, Jens, Julio, Narve, Serenoa",4,4,4,4
"372","Archibald, Ezana, Frederica, Hughette, Jens, Narve, Roland, Serenoa",4,4,4,4
"373","Archibald, Ezana, Frederica, Jens, Julio, Lionel, Narve, Serenoa",4,4,4,4
"374","Archibald, Ezana, Frederica, Jens, Julio, Narve, Piccoletta, Serenoa",4,4,4,4
"375","Archibald, Ezana, Frederica, Jens, Julio, Narve, Rudolph, Serenoa",4,4,4,4
"376","Archibald, Ezana, Frederica, Jens, Lionel, Narve, Roland, Serenoa",4,4,4,4
"377","Archibald, Ezana, Frederica, Jens, Narve, Piccoletta, Roland, Serenoa",4,4,4,4
"378","Archibald, Ezana, Frederica, Jens, Narve, Roland, Rudolph, Serenoa",4,4,4,4
"379","Archibald, Frederica, Geela, Hossabara, Hughette, Jens, Julio, Serenoa",4,4,4,4
"380","Archibald, Frederica, Geela, Hossabara, Hughette, Jens, Roland, Serenoa",4,4,4,4
"381","Archibald, Frederica, Geela, Hossabara, Jens, Julio, Lionel, Serenoa",4,4,4,4
"382","Archibald, Frederica, Geela, Hossabara, Jens, Julio, Piccoletta, Serenoa",4,4,4,4
"383","Archibald, Frederica, Geela, Hossabara, Jens, Julio, Rudolph, Serenoa",4,4,4,4
"384","Archibald, Frederica, Geela, Hossabara, Jens, Lionel, Roland, Serenoa",4,4,4,4
"385","Archibald, Frederica, Geela, Hossabara, Jens, Piccoletta, Roland, Serenoa",4,4,4,4
"386","Archibald, Frederica, Geela, Hossabara, Jens, Roland, Rudolph, Serenoa",4,4,4,4
"387","Archibald, Geela, Hughette, Jens, Julio, Lionel, Piccoletta, Serenoa",4,4,4,4
"388","Archibald, Geela, Hughette, Jens, Julio, Lionel, Rudolph, Serenoa",4,4,4,4
"389","Archibald, Geela, Hughette, Jens, Julio, Piccoletta, Rudolph, Serenoa",4,4,4,4
"390","Archibald, Geela, Hughette, Jens, Lionel, Piccoletta, Roland, Serenoa",4,4,4,4
"391","Archibald, Geela, Hughette, Jens, Lionel, Roland, Rudolph, Serenoa",4,4,4,4
"392","Archibald, Geela, Hughette, Jens, Piccoletta, Roland, Rudolph, Serenoa",4,4,4,4
"393","Archibald, Geela, Jens, Julio, Lionel, Piccoletta, Rudolph, Serenoa",4,4,4,4
"394","Archibald, Geela, Jens, Lionel, Piccoletta, Roland, Rudolph, Serenoa",4,4,4,4
"395","Benedict, Corentin, Erador, Ezana, Frederica, Hossabara, Medina, Serenoa",4,4,4,4
"396","Benedict, Corentin, Erador, Ezana, Hughette, Lionel, Medina, Serenoa",4,4,4,4
"397","Benedict, Corentin, Erador, Ezana, Hughette, Medina, Piccoletta, Serenoa",4,4,4,4
"398","Benedict, Corentin, Erador, Ezana, Hughette, Medina, Rudolph, Serenoa",4,4,4,4
"399","Benedict, Corentin, Erador, Ezana, Lionel, Medina, Piccoletta, Serenoa",4,4,4,4
"400","Benedict, Corentin, Erador, Ezana, Lionel, Medina, Rudolph, Serenoa",4,4,4,4
"401","Benedict, Corentin, Erador, Ezana, Medina, Piccoletta, Rudolph, Serenoa",4,4,4,4
"402","Benedict, Corentin, Erador, Frederica, Hossabara, Medina, Narve, Serenoa",4,4,4,4
"403","Benedict, Corentin, Erador, Hughette, Lionel, Medina, Narve, Serenoa",4,4,4,4
"404","Benedict, Corentin, Erador, Hughette, Medina, Narve, Piccoletta, Serenoa",4,4,4,4
"405","Benedict, Corentin, Erador, Hughette, Medina, Narve, Rudolph, Serenoa",4,4,4,4
"406","Benedict, Corentin, Erador, Lionel, Medina, Narve, Piccoletta, Serenoa",4,4,4,4
"407","Benedict, Corentin, Erador, Lionel, Medina, Narve, Rudolph, Serenoa",4,4,4,4
"408","Benedict, Corentin, Erador, Medina, Narve, Piccoletta, Rudolph, Serenoa",4,4,4,4
"409","Benedict, Corentin, Ezana, Frederica, Geela, Hossabara, Julio, Serenoa",4,4,4,4
"410","Benedict, Corentin, Ezana, Frederica, Geela, Hossabara, Roland, Serenoa",4,4,4,4
"411","Benedict, Corentin, Ezana, Frederica, Hossabara, Jens, Julio, Serenoa",4,4,4,4
"412","Benedict, Corentin, Ezana, Frederica, Hossabara, Jens, Roland, Serenoa",4,4,4,4
"413","Benedict, Corentin, Ezana, Geela, Hughette, Julio, Lionel, Serenoa",4,4,4,4
"414","Benedict, Corentin, Ezana, Geela, Hughette, Julio, Piccoletta, Serenoa",4,4,4,4
"415","Benedict, Corentin, Ezana, Geela, Hughette, Julio, Rudolph, Serenoa",4,4,4,4
"416","Benedict, Corentin, Ezana, Geela, Hughette, Lionel, Roland, Serenoa",4,4,4,4
"417","Benedict, Corentin, Ezana, Geela, Hughette, Piccoletta, Roland, Serenoa",4,4,4,4
"418","Benedict, Corentin, Ezana, Geela, Hughette, Roland, Rudolph, Serenoa",4,4,4,4
"419","Benedict, Corentin, Ezana, Geela, Julio, Lionel, Piccoletta, Serenoa",4,4,4,4
"420","Benedict, Corentin, Ezana, Geela, Julio, Lionel, Rudolph, Serenoa",4,4,4,4
"421","Benedict, Corentin, Ezana, Geela, Julio, Piccoletta, Rudolph, Serenoa",4,4,4,4
"422","Benedict, Corentin, Ezana, Geela, Lionel, Piccoletta, Roland, Serenoa",4,4,4,4
"423","Benedict, Corentin, Ezana, Geela, Lionel, Roland, Rudolph, Serenoa",4,4,4,4
"424","Benedict, Corentin, Ezana, Geela, Piccoletta, Roland, Rudolph, Serenoa",4,4,4,4
"425","Benedict, Corentin, Ezana, Hughette, Jens, Julio, Lionel, Serenoa",4,4,4,4
"426","Benedict, Corentin, Ezana, Hughette, Jens, Julio, Piccoletta, Serenoa",4,4,4,4
"427","Benedict, Corentin, Ezana, Hughette, Jens, Julio, Rudolph, Serenoa",4,4,4,4
"428","Benedict, Corentin, Ezana, Hughette, Jens, Lionel, Roland, Serenoa",4,4,4,4
"429","Benedict, Corentin, Ezana, Hughette, Jens, Piccoletta, Roland, Serenoa",4,4,4,4
"430","Benedict, Corentin, Ezana, Hughette, Jens, Roland, Rudolph, Serenoa",4,4,4,4
"431","Benedict, Corentin, Ezana, Jens, Julio, Lionel, Piccoletta, Serenoa",4,4,4,4
"432","Benedict, Corentin, Ezana, Jens, Julio, Lionel, Rudolph, Serenoa",4,4,4,4
"433","Benedict, Corentin, Ezana, Jens, Julio, Piccoletta, Rudolph, Serenoa",4,4,4,4
"434","Benedict, Corentin, Ezana, Jens, Lionel, Piccoletta, Roland, Serenoa",4,4,4,4
"435","Benedict, Corentin, Ezana, Jens, Lionel, Roland, Rudolph, Serenoa",4,4,4,4
"436","Benedict, Corentin, Ezana, Jens, Piccoletta, Roland, Rudolph, Serenoa",4,4,4,4
"437","Benedict, Corentin, Frederica, Geela, Hossabara, Julio, Narve, Serenoa",4,4,4,4
"438","Benedict, Corentin, Frederica, Geela, Hossabara, Narve, Roland, Serenoa",4,4,4,4
"439","Benedict, Corentin, Frederica, Hossabara, Jens, Julio, Narve, Serenoa",4,4,4,4
"440","Benedict, Corentin, Frederica, Hossabara, Jens, Narve, Roland, Serenoa",4,4,4,4
"441","Benedict, Corentin, Geela, Hughette, Julio, Lionel, Narve, Serenoa",4,4,4,4
"442","Benedict, Corentin, Geela, Hughette, Julio, Narve, Piccoletta, Serenoa",4,4,4,4
"443","Benedict, Corentin, Geela, Hughette, Julio, Narve, Rudolph, Serenoa",4,4,4,4
"444","Benedict, Corentin, Geela, Hughette, Lionel, Narve, Roland, Serenoa",4,4,4,4
"445","Benedict, Corentin, Geela, Hughette, Narve, Piccoletta, Roland, Serenoa",4,4,4,4
"446","Benedict, Corentin, Geela, Hughette, Narve, Roland, Rudolph, Serenoa",4,4,4,4
"447","Benedict, Corentin, Geela, Julio, Lionel, Narve, Piccoletta, Serenoa",4,4,4,4
"448","Benedict, Corentin, Geela, Julio, Lionel, Narve, Rudolph, Serenoa",4,4,4,4
"449","Benedict, Corentin, Geela, Julio, Narve, Piccoletta, Rudolph, Serenoa",4,4,4,4
"450","Benedict, Corentin, Geela, Lionel, Narve, Piccoletta, Roland, Serenoa",4,4,4,4
"451","Benedict, Corentin, Geela, Lionel, Narve, Roland, Rudolph, Serenoa",4,4,4,4
"452","Benedict, Corentin, Geela, Narve, Piccoletta, Roland, Rudolph, Serenoa",4,4,4,4
"453","Benedict, Corentin, Hughette, Jens, Julio, Lionel, Narve, Serenoa",4,4,4,4
"454","Benedict, Corentin, Hughette, Jens, Julio, Narve, Piccoletta, Serenoa",4,4,4,4
"455","Benedict, Corentin, Hughette, Jens, Julio, Narve, Rudolph, Serenoa",4,4,4,4
"456","Benedict, Corentin, Hughette, Jens, Lionel, Narve, Roland, Serenoa",4,4,4,4
"457","Benedict, Corentin, Hughette, Jens, Narve, Piccoletta, Roland, Serenoa",4,4,4,4
"458","Benedict, Corentin, Hughette, Jens, Narve, Roland, Rudolph, Serenoa",4,4,4,4
"459","Benedict, Corentin, Jens, Julio, Lionel, Narve, Piccoletta, Serenoa",4,4,4,4
"460","Benedict, Corentin, Jens, Julio, Lionel, Narve, Rudolph, Serenoa",4,4,4,4
"461","Benedict, Corentin, Jens, Julio, Narve, Piccoletta, Rudolph, Serenoa",4,4,4,4
"462","Benedict, Corentin, Jens, Lionel, Narve, Piccoletta, Roland, Serenoa",4,4,4,4
"463","Benedict, Corentin, Jens, Lionel, Narve, Roland, Rudolph, Serenoa",4,4,4,4
"464","Benedict, Corentin, Jens, Narve, Piccoletta, Roland, Rudolph, Serenoa",4,4,4,4
"465","Benedict, Erador, Ezana, Frederica, Hughette, Lionel, Medina, Serenoa",4,4,4,4
"466","Benedict, Erador, Ezana, Frederica, Hughette, Medina, Piccoletta, Serenoa",4,4,4,4
"467","Benedict, Erador, Ezana, Frederica, Hughette, Medina, Rudolph, Serenoa",4,4,4,4
"468","Benedict, Erador, Ezana, Frederica, Lionel, Medina, Piccoletta, Serenoa",4,4,4,4
"469","Benedict, Erador, Ezana, Frederica, Lionel, Medina, Rudolph, Serenoa",4,4,4,4
"470","Benedict, Erador, Ezana, Frederica, Medina, Piccoletta, Rudolph, Serenoa",4,4,4,4
"471","Benedict, Erador, Frederica, Hughette, Lionel, Medina, Narve, Serenoa",4,4,4,4
"472","Benedict, Erador, Frederica, Hughette, Medina, Narve, Piccoletta, Serenoa",4,4,4,4
"473","Benedict, Erador, Frederica, Hughette, Medina, Narve, Rudolph, Serenoa",4,4,4,4
"474","Benedict, Erador, Frederica, Lionel, Medina, Narve, Piccoletta, Serenoa",4,4,4,4
"475","Benedict, Erador, Frederica, Lionel, Medina, Narve, Rudolph, Serenoa",4,4,4,4
"476","Benedict, Erador, Frederica, Medina, Narve, Piccoletta, Rudolph, Serenoa",4,4,4,4
"477","Benedict, Ezana, Frederica, Geela, Hughette, Julio, Lionel, Serenoa",4,4,4,4
"478","Benedict, Ezana, Frederica, Geela, Hughette, Julio, Piccoletta, Serenoa",4,4,4,4
"479","Benedict, Ezana, Frederica, Geela, Hughette, Julio, Rudolph, Serenoa",4,4,4,4
"480","Benedict, Ezana, Frederica, Geela, Hughette, Lionel, Roland, Serenoa",4,4,4,4
"481","Benedict, Ezana, Frederica, Geela, Hughette, Piccoletta, Roland, Serenoa",4,4,4,4
"482","Benedict, Ezana, Frederica, Geela, Hughette, Roland, Rudolph, Serenoa",4,4,4,4
"483","Benedict, Ezana, Frederica, Geela, Julio, Lionel, Piccoletta, Serenoa",4,4,4,4
"484","Benedict, Ezana, Frederica, Geela, Julio, Lionel, Rudolph, Serenoa",4,4,4,4
"485","Benedict, Ezana, Frederica, Geela, Julio, Piccoletta, Rudolph, Serenoa",4,4,4,4
"486","Benedict, Ezana, Frederica, Geela, Lionel, Piccoletta, Roland, Serenoa",4,4,4,4
"487","Benedict, Ezana, Frederica, Geela, Lionel, Roland, Rudolph, Serenoa",4,4,4,4
"488","Benedict, Ezana, Frederica, Geela, Piccoletta, Roland, Rudolph, Serenoa",4,4,4,4
"489","Benedict, Ezana, Frederica, Hughette, Jens, Julio, Lionel, Serenoa",4,4,4,4
"490","Benedict, Ezana, Frederica, Hughette, Jens, Julio, Piccoletta, Serenoa",4,4,4,4
"491","Benedict, Ezana, Frederica, Hughette, Jens, Julio, Rudolph, Serenoa",4,4,4,4
"492","Benedict, Ezana, Frederica, Hughette, Jens, Lionel, Roland, Serenoa",4,4,4,4
"493","Benedict, Ezana, Frederica, Hughette, Jens, Piccoletta, Roland, Serenoa",4,4,4,4
"494","Benedict, Ezana, Frederica, Hughette, Jens, Roland, Rudolph, Serenoa",4,4,4,4
"495","Benedict, Ezana, Frederica, Jens, Julio, Lionel, Piccoletta, Serenoa",4,4,4,4
"496","Benedict, Ezana, Frederica, Jens, Julio, Lionel, Rudolph, Serenoa",4,4,4,4
"497","Benedict, Ezana, Frederica, Jens, Julio, Piccoletta, Rudolph, Serenoa",4,4,4,4
"498","Benedict, Ezana, Frederica, Jens, Lionel, Piccoletta, Roland, Serenoa",4,4,4,4
"499","Benedict, Ezana, Frederica, Jens, Lionel, Roland, Rudolph, Serenoa",4,4,4,4
"500","Benedict, Ezana, Frederica, Jens, Piccoletta, Roland, Rudolph, Serenoa",4,4,4,4
"501","Benedict, Frederica, Geela, Hughette, Julio, Lionel, Narve, Serenoa",4,4,4,4
"502","Benedict, Frederica, Geela, Hughette, Julio, Narve, Piccoletta, Serenoa",4,4,4,4
"503","Benedict, Frederica, Geela, Hughette, Julio, Narve, Rudolph, Serenoa",4,4,4,4
"504","Benedict, Frederica, Geela, Hughette, Lionel, Narve, Roland, Serenoa",4,4,4,4
"505","Benedict, Frederica, Geela, Hughette, Narve, Piccoletta, Roland, Serenoa",4,4,4,4
"506","Benedict, Frederica, Geela, Hughette, Narve, Roland, Rudolph, Serenoa",4,4,4,4
"507","Benedict, Frederica, Geela, Julio, Lionel, Narve, Piccoletta, Serenoa",4,4,4,4
"508","Benedict, Frederica, Geela, Julio, Lionel, Narve, Rudolph, Serenoa",4,4,4,4
"509","Benedict, Frederica, Geela, Julio, Narve, Piccoletta, Rudolph, Serenoa",4,4,4,4
"510","Benedict, Frederica, Geela, Lionel, Narve, Piccoletta, Roland, Serenoa",4,4,4,4
"511","Benedict, Frederica, Geela, Lionel, Narve, Roland, Rudolph, Serenoa",4,4,4,4
"512","Benedict, Frederica, Geela, Narve, Piccoletta, Roland, Rudolph, Serenoa",4,4,4,4
"513","Benedict, Frederica, Hughette, Jens, Julio, Lionel, Narve, Serenoa",4,4,4,4
"514","Benedict, Frederica, Hughette, Jens, Julio, Narve, Piccoletta, Serenoa",4,4,4,4
"515","Benedict, Frederica, Hughette, Jens, Julio, Narve, Rudolph, Serenoa",4,4,4,4
"516","Benedict, Frederica, Hughette, Jens, Lionel, Narve, Roland, Serenoa",4,4,4,4
"517","Benedict, Frederica, Hughette, Jens, Narve, Piccoletta, Roland, Serenoa",4,4,4,4
"518","Benedict, Frederica, Hughette, Jens, Narve, Roland, Rudolph, Serenoa",4,4,4,4
"519","Benedict, Frederica, Jens, Julio, Lionel, Narve, Piccoletta, Serenoa",4,4,4,4
"520","Benedict, Frederica, Jens, Julio, Lionel, Narve, Rudolph, Serenoa",4,4,4,4
"521","Benedict, Frederica, Jens, Julio, Narve, Piccoletta, Rudolph, Serenoa",4,4,4,4
"522","Benedict, Frederica, Jens, Lionel, Narve, Piccoletta, Roland, Serenoa",4,4,4,4
"523","Benedict, Frederica, Jens, Lionel, Narve, Roland, Rudolph, Serenoa",4,4,4,4
"524","Benedict, Frederica, Jens, Narve, Piccoletta, Roland, Rudolph, Serenoa",4,4,4,4
"525","Corentin, Erador, Ezana, Frederica, Hossabara, Medina, Narve, Serenoa",4,4,4,4
"526","Corentin, Erador, Ezana, Hughette, Lionel, Medina, Narve, Serenoa",4,4,4,4
"527","Corentin, Erador, Ezana, Hughette, Medina, Narve, Piccoletta, Serenoa",4,4,4,4
"528","Corentin, Erador, Ezana, Hughette, Medina, Narve, Rudolph, Serenoa",4,4,4,4
"529","Corentin, Erador, Ezana, Lionel, Medina, Narve, Piccoletta, Serenoa",4,4,4,4
"530","Corentin, Erador, Ezana, Lionel, Medina, Narve, Rudolph, Serenoa",4,4,4,4
"531","Corentin, Erador, Ezana, Medina, Narve, Piccoletta, Rudolph, Serenoa",4,4,4,4
"532","Corentin, Erador, Geela, Hossabara, Hughette, Lionel, Medina, Serenoa",4,4,4,4
"533","Corentin, Erador, Geela, Hossabara, Hughette, Medina, Piccoletta, Serenoa",4,4,4,4
"534","Corentin, Erador, Geela, Hossabara, Hughette, Medina, Rudolph, Serenoa",4,4,4,4
"535","Corentin, Erador, Geela, Hossabara, Lionel, Medina, Piccoletta, Serenoa",4,4,4,4
"536","Corentin, Erador, Geela, Hossabara, Lionel, Medina, Rudolph, Serenoa",4,4,4,4
"537","Corentin, Erador, Geela, Hossabara, Medina, Piccoletta, Rudolph, Serenoa",4,4,4,4
"538","Corentin, Erador, Hossabara, Hughette, Jens, Lionel, Medina, Serenoa",4,4,4,4
"539","Corentin, Erador, Hossabara, Hughette, Jens, Medina, Piccoletta, Serenoa",4,4,4,4
"540","Corentin, Erador, Hossabara, Hughette, Jens, Medina, Rudolph, Serenoa",4,4,4,4
"541","Corentin, Erador, Hossabara, Jens, Lionel, Medina, Piccoletta, Serenoa",4,4,4,4
"542","Corentin, Erador, Hossabara, Jens, Lionel, Medina, Rudolph, Serenoa",4,4,4,4
"543","Corentin, Erador, Hossabara, Jens, Medina, Piccoletta, Rudolph, Serenoa",4,4,4,4
"544","Corentin, Ezana, Frederica, Geela, Hossabara, Julio, Narve, Serenoa",4,4,4,4
"545","Corentin, Ezana, Frederica, Geela, Hossabara, Narve, Roland, Serenoa",4,4,4,4
"546","Corentin, Ezana, Frederica, Hossabara, Jens, Julio, Narve, Serenoa",4,4,4,4
"547","Corentin, Ezana, Frederica, Hossabara, Jens, Narve, Roland, Serenoa",4,4,4,4
"548","Corentin, Ezana, Geela, Hughette, Julio, Lionel, Narve, Serenoa",4,4,4,4
"549","Corentin, Ezana, Geela, Hughette, Julio, Narve, Piccoletta, Serenoa",4,4,4,4
"550","Corentin, Ezana, Geela, Hughette, Julio, Narve, Rudolph, Serenoa",4,4,4,4
"551","Corentin, Ezana, Geela, Hughette, Lionel, Narve, Roland, Serenoa",4,4,4,4
"552","Corentin, Ezana, Geela, Hughette, Narve, Piccoletta, Roland, Serenoa",4,4,4,4
"553","Corentin, Ezana, Geela, Hughette, Narve, Roland, Rudolph, Serenoa",4,4,4,4
"554","Corentin, Ezana, Geela, Julio, Lionel, Narve, Piccoletta, Serenoa",4,4,4,4
"555","Corentin, Ezana, Geela, Julio, Lionel, Narve, Rudolph, Serenoa",4,4,4,4
"556","Corentin, Ezana, Geela, Julio, Narve, Piccoletta, Rudolph, Serenoa",4,4,4,4
"557","Corentin, Ezana, Geela, Lionel, Narve, Piccoletta, Roland, Serenoa",4,4,4,4
"558","Corentin, Ezana, Geela, Lionel, Narve, Roland, Rudolph, Serenoa",4,4,4,4
"559","Corentin, Ezana, Geela, Narve, Piccoletta, Roland, Rudolph, Serenoa",4,4,4,4
"560","Corentin, Ezana, Hughette, Jens, Julio, Lionel, Narve, Serenoa",4,4,4,4
"561","Corentin, Ezana, Hughette, Jens, Julio, Narve, Piccoletta, Serenoa",4,4,4,4
"562","Corentin, Ezana, Hughette, Jens, Julio, Narve, Rudolph, Serenoa",4,4,4,4
"563","Corentin, Ezana, Hughette, Jens, Lionel, Narve, Roland, Serenoa",4,4,4,4
"564","Corentin, Ezana, Hughette, Jens, Narve, Piccoletta, Roland, Serenoa",4,4,4,4
"565","Corentin, Ezana, Hughette, Jens, Narve, Roland, Rudolph, Serenoa",4,4,4,4
"566","Corentin, Ezana, Jens, Julio, Lionel, Narve, Piccoletta, Serenoa",4,4,4,4
"567","Corentin, Ezana, Jens, Julio, Lionel, Narve, Rudolph, Serenoa",4,4,4,4
"568","Corentin, Ezana, Jens, Julio, Narve, Piccoletta, Rudolph, Serenoa",4,4,4,4
"569","Corentin, Ezana, Jens, Lionel, Narve, Piccoletta, Roland, Serenoa",4,4,4,4
"570","Corentin, Ezana, Jens, Lionel, Narve, Roland, Rudolph, Serenoa",4,4,4,4
"571","Corentin, Ezana, Jens, Narve, Piccoletta, Roland, Rudolph, Serenoa",4,4,4,4
"572","Corentin, Geela, Hossabara, Hughette, Jens, Julio, Lionel, Serenoa",4,4,4,4
"573","Corentin, Geela, Hossabara, Hughette, Jens, Julio, Piccoletta, Serenoa",4,4,4,4
"574","Corentin, Geela, Hossabara, Hughette, Jens, Julio, Rudolph, Serenoa",4,4,4,4
"575","Corentin, Geela, Hossabara, Hughette, Jens, Lionel, Roland, Serenoa",4,4,4,4
"576","Corentin, Geela, Hossabara, Hughette, Jens, Piccoletta, Roland, Serenoa",4,4,4,4
"577","Corentin, Geela, Hossabara, Hughette, Jens, Roland, Rudolph, Serenoa",4,4,4,4
"578","Corentin, Geela, Hossabara, Jens, Julio, Lionel, Piccoletta, Serenoa",4,4,4,4
"579","Corentin, Geela, Hossabara, Jens, Julio, Lionel, Rudolph, Serenoa",4,4,4,4
"580","Corentin, Geela, Hossabara, Jens, Julio, Piccoletta, Rudolph, Serenoa",4,4,4,4
"581","Corentin, Geela, Hossabara, Jens, Lionel, Piccoletta, Roland, Serenoa",4,4,4,4
"582","Corentin, Geela, Hossabara, Jens, Lionel, Roland, Rudolph, Serenoa",4,4,4,4
"583","Corentin, Geela, Hossabara, Jens, Piccoletta, Roland, Rudolph, Serenoa",4,4,4,4
"584","Erador, Ezana, Frederica, Hughette, Lionel, Medina, Narve, Serenoa",4,4,4,4
"585","Erador, Ezana, Frederica, Hughette, Medina, Narve, Piccoletta, Serenoa",4,4,4,4
"586","Erador, Ezana, Frederica, Hughette, Medina, Narve, Rudolph, Serenoa",4,4,4,4
"587","Erador, Ezana, Frederica, Lionel, Medina, Narve, Piccoletta, Serenoa",4,4,4,4
"588","Erador, Ezana, Frederica, Lionel, Medina, Narve, Rudolph, Serenoa",4,4,4,4
"589","Erador, Ezana, Frederica, Medina, Narve, Piccoletta, Rudolph, Serenoa",4,4,4,4
"590","Erador, Frederica, Geela, Hossabara, Hughette, Lionel, Medina, Serenoa",4,4,4,4
"591","Erador, Frederica, Geela, Hossabara, Hughette, Medina, Piccoletta, Serenoa",4,4,4,4
"592","Erador, Frederica, Geela, Hossabara, Hughette, Medina, Rudolph, Serenoa",4,4,4,4
"593","Erador, Frederica, Geela, Hossabara, Lionel, Medina, Piccoletta, Serenoa",4,4,4,4
"594","Erador, Frederica, Geela, Hossabara, Lionel, Medina, Rudolph, Serenoa",4,4,4,4
"595","Erador, Frederica, Geela, Hossabara, Medina, Piccoletta, Rudolph, Serenoa",4,4,4,4
"596","Erador, Frederica, Hossabara, Hughette, Jens, Lionel, Medina, Serenoa",4,4,4,4
"597","Erador, Frederica, Hossabara, Hughette, Jens, Medina, Piccoletta, Serenoa",4,4,4,4
"598","Erador, Frederica, Hossabara, Hughette, Jens, Medina, Rudolph, Serenoa",4,4,4,4
"599","Erador, Frederica, Hossabara, Jens, Lionel, Medina, Piccoletta, Serenoa",4,4,4,4
"600","Erador, Frederica, Hossabara, Jens, Lionel, Medina, Rudolph, Serenoa",4,4,4,4
"601","Erador, Frederica, Hossabara, Jens, Medina, Piccoletta, Rudolph, Serenoa",4,4,4,4
"602","Erador, Geela, Hughette, Lionel, Medina, Piccoletta, Rudolph, Serenoa",4,4,4,4
"603","Erador, Hughette, Jens, Lionel, Medina, Piccoletta, Rudolph, Serenoa",4,4,4,4
"604","Ezana, Frederica, Geela, Hughette, Julio, Lionel, Narve, Serenoa",4,4,4,4
"605","Ezana, Frederica, Geela, Hughette, Julio, Narve, Piccoletta, Serenoa",4,4,4,4
"606","Ezana, Frederica, Geela, Hughette, Julio, Narve, Rudolph, Serenoa",4,4,4,4
"607","Ezana, Frederica, Geela, Hughette, Lionel, Narve, Roland, Serenoa",4,4,4,4
"608","Ezana, Frederica, Geela, Hughette, Narve, Piccoletta, Roland, Serenoa",4,4,4,4
"609","Ezana, Frederica, Geela, Hughette, Narve, Roland, Rudolph, Serenoa",4,4,4,4
"610","Ezana, Frederica, Geela, Julio, Lionel, Narve, Piccoletta, Serenoa",4,4,4,4
"611","Ezana, Frederica, Geela, Julio, Lionel, Narve, Rudolph, Serenoa",4,4,4,4
"612","Ezana, Frederica, Geela, Julio, Narve, Piccoletta, Rudolph, Serenoa",4,4,4,4
"613","Ezana, Frederica, Geela, Lionel, Narve, Piccoletta, Roland, Serenoa",4,4,4,4
"614","Ezana, Frederica, Geela, Lionel, Narve, Roland, Rudolph, Serenoa",4,4,4,4
"615","Ezana, Frederica, Geela, Narve, Piccoletta, Roland, Rudolph, Serenoa",4,4,4,4
"616","Ezana, Frederica, Hughette, Jens, Julio, Lionel, Narve, Serenoa",4,4,4,4
"617","Ezana, Frederica, Hughette, Jens, Julio, Narve, Piccoletta, Serenoa",4,4,4,4
"618","Ezana, Frederica, Hughette, Jens, Julio, Narve, Rudolph, Serenoa",4,4,4,4
"619","Ezana, Frederica, Hughette, Jens, Lionel, Narve, Roland, Serenoa",4,4,4,4
"620","Ezana, Frederica, Hughette, Jens, Narve, Piccoletta, Roland, Serenoa",4,4,4,4
"621","Ezana, Frederica, Hughette, Jens, Narve, Roland, Rudolph, Serenoa",4,4,4,4
"622","Ezana, Frederica, Jens, Julio, Lionel, Narve, Piccoletta, Serenoa",4,4,4,4
"623","Ezana, Frederica, Jens, Julio, Lionel, Narve, Rudolph, Serenoa",4,4,4,4
"624","Ezana, Frederica, Jens, Julio, Narve, Piccoletta, Rudolph, Serenoa",4,4,4,4
"625","Ezana, Frederica, Jens, Lionel, Narve, Piccoletta, Roland, Serenoa",4,4,4,4
"626","Ezana, Frederica, Jens, Lionel, Narve, Roland, Rudolph, Serenoa",4,4,4,4
"627","Ezana, Frederica, Jens, Narve, Piccoletta, Roland, Rudolph, Serenoa",4,4,4,4
"628","Frederica, Geela, Hossabara, Hughette, Jens, Julio, Lionel, Serenoa",4,4,4,4
"629","Frederica, Geela, Hossabara, Hughette, Jens, Julio, Piccoletta, Serenoa",4,4,4,4
"630","Frederica, Geela, Hossabara, Hughette, Jens, Julio, Rudolph, Serenoa",4,4,4,4
"631","Frederica, Geela, Hossabara, Hughette, Jens, Lionel, Roland, Serenoa",4,4,4,4
"632","Frederica, Geela, Hossabara, Hughette, Jens, Piccoletta, Roland, Serenoa",4,4,4,4
"633","Frederica, Geela, Hossabara, Hughette, Jens, Roland, Rudolph, Serenoa",4,4,4,4
"634","Frederica, Geela, Hossabara, Jens, Julio, Lionel, Piccoletta, Serenoa",4,4,4,4
"635","Frederica, Geela, Hossabara, Jens, Julio, Lionel, Rudolph, Serenoa",4,4,4,4
"636","Frederica, Geela, Hossabara, Jens, Julio, Piccoletta, Rudolph, Serenoa",4,4,4,4
"637","Frederica, Geela, Hossabara, Jens, Lionel, Piccoletta, Roland, Serenoa",4,4,4,4
"638","Frederica, Geela, Hossabara, Jens, Lionel, Roland, Rudolph, Serenoa",4,4,4,4
"639","Frederica, Geela, Hossabara, Jens, Piccoletta, Roland, Rudolph, Serenoa",4,4,4,4
"640","Geela, Hughette, Jens, Julio, Lionel, Piccoletta, Rudolph, Serenoa",4,4,4,4
"641","Geela, Hughette, Jens, Lionel, Piccoletta, Roland, Rudolph, Serenoa",4,4,4,4
